<?xml version="1.0" encoding="UTF-8"?>
<beans xmlns="http://www.springframework.org/schema/beans"
       xmlns:xsi="http://www.w3.org/2001/XMLSchema-instance"
       xmlns:context="http://www.springframework.org/schema/context"
       xmlns:tx="http://www.springframework.org/schema/tx"
       xmlns:aop="http://www.springframework.org/schema/aop"
       xsi:schemaLocation="http://www.springframework.org/schema/beans
          http://www.springframework.org/schema/beans/spring-beans.xsd
          http://www.springframework.org/schema/mvc
          http://www.springframework.org/schema/mvc/spring-mvc.xsd
          http://www.springframework.org/schema/tx
          http://www.springframework.org/schema/tx/spring-tx-3.0.xsd
          http://www.springframework.org/schema/context
          http://www.springframework.org/schema/context/spring-context.xsd
          http://www.springframework.org/schema/aop  
          http://www.springframework.org/schema/aop/spring-aop-3.2.xsd">

    <!-- Bean definitions go here -->
   <bean id = "userIO" class = "com.jdm.flooring.view.UserIOConsoleImpl"/>
   
   <bean id = "view" class = "com.jdm.flooring.view.FlooringView">
        <constructor-arg ref = "userIO"/>
   </bean>
   
   <bean id = "dao" class = "com.jdm.flooring.dao.FlooringDaoFileImpl">
        <constructor-arg value = "Orders"/>
        <constructor-arg value = "Orders_"/>
        <constructor-arg value = "DataExport.txt"/>
        <constructor-arg value = "Products.txt"/>
        <constructor-arg value = "Taxes.txt"/>
   </bean>
   
   <bean id = "auditDao" class = "com.jdm.flooring.dao.FlooringAuditDaoFileImpl"></bean>
   
   <bean id = "service" class = "com.jdm.flooring.service.FlooringServiceLayerImpl">
        <constructor-arg ref = "dao"/>
        <constructor-arg ref = "auditDao"/>
   </bean>
   
   <bean id = "controller" class = "com.jdm.flooring.controller.FlooringController">
        <constructor-arg ref = "service"/>
        <constructor-arg ref = "view"/>
   </bean>


</beans>
